{
  "id": "blk_c04_q4",
  "type": "block",
  "title": "四つの沈黙（WOS前夜）",
  "viewpoint": "C04",
  "timespan": "Q4",
  "summary": "C04は“目立たない”を生存戦略に選ぶ。評価ログと禁欲指数が積み上がる音、WOS前夜の圧。",
  "order": {
    "prev_id": "blk_c03_q3",
    "next_id": "bonus_wos"
  },
  "children": [],
  "refs": {
    "modules": [
      "world_sevens.json",
      "team_arcbulls.json",
      "rule_system_bulls_breed.json",
      "r5_zone_task_definitions.json",
      "r5_daily_equipment.json",
      "r5_biological_control_module.json",
      "rule_system_r5_servant.json",
      "r5_onboarding_sequence.json",
      "abstinence_protocol.json"
    ],
    "characters": [
      "C01",
      "C02",
      "C03",
      "C04"
    ],
    "world": [
      "world_bulls_breed_exploitation.json"
    ]
  },
  "tags": [
    "R5"
  ],
  "status": "draft",
  "updated_at": "2025-10-15T08:53:26.849836+09:00"
}