{
  "id": "blk_c02_q2",
  "type": "block",
  "title": "二人の地獄（規律と反発）",
  "viewpoint": "C02",
  "timespan": "Q2",
  "summary": "理屈派C02が制度の理解不能性で擦り切れる。二人作業のズレと摩耗。",
  "order": {
    "prev_id": "blk_c01_q1",
    "next_id": "blk_c03_q3"
  },
  "children": [],
  "refs": {
    "modules": [
      "world_sevens.json",
      "team_arcbulls.json",
      "rule_system_bulls_breed.json",
      "r5_zone_task_definitions.json",
      "r5_daily_equipment.json",
      "r5_biological_control_module.json",
      "rule_system_r5_servant.json",
      "r5_onboarding_sequence.json",
      "abstinence_protocol.json"
    ],
    "characters": [
      "C01",
      "C02",
      "C03",
      "C04"
    ],
    "world": [
      "world_bulls_breed_exploitation.json"
    ]
  },
  "tags": [
    "R5"
  ],
  "status": "draft",
  "updated_at": "2025-10-15T08:53:26.849836+09:00"
}