{
  "schema_version": "plot.v1",
  "by_id": {
    "blk_prologue": {
      "type": "block",
      "path": "/blocks/blk_prologue",
      "title": "プロローグ：二層の幕開け"
    },
    "blk_c01_q1": {
      "type": "block",
      "path": "/blocks/blk_c01_q1",
      "title": "孤独な四角（SilentCellの季節）"
    },
    "blk_c02_q2": {
      "type": "block",
      "path": "/blocks/blk_c02_q2",
      "title": "二人の地獄（規律と反発）"
    },
    "blk_c03_q3": {
      "type": "block",
      "path": "/blocks/blk_c03_q3",
      "title": "三者のずれ（依存の温度）"
    },
    "blk_c04_q4": {
      "type": "block",
      "path": "/blocks/blk_c04_q4",
      "title": "四つの沈黙（WOS前夜）"
    },
    "bonus_wos": {
      "type": "block",
      "path": "/blocks/bonus_wos",
      "title": "WOS：沈黙の審問"
    },
    "ch_01@blk_prologue": {
      "type": "chapter",
      "path": "/chapters/blk_prologue__ch_01",
      "parent_path": "/blocks/blk_prologue"
    },
    "sc_01@blk_prologue@ch_01": {
      "type": "scene",
      "path": "/scenes/blk_prologue__ch_01__sc_01",
      "parent_path": "/chapters/blk_prologue__ch_01"
    }
  },
  "by_tag": {
    "R5": [
      "/blocks/blk_c01_q1",
      "/blocks/blk_c02_q2",
      "/blocks/blk_c03_q3",
      "/blocks/blk_c04_q4",
      "/blocks/bonus_wos"
    ],
    "Prologue": [
      "/blocks/blk_prologue"
    ],
    "P6": [
      "/chapters/blk_prologue__ch_01",
      "/scenes/blk_prologue__ch_01__sc_01"
    ]
  },
  "updated_at": "2025-10-15T08:53:26.849836+09:00"
}